﻿<?xml version="1.0" encoding="utf-8"?>
<library>
    <book>
        <title>Война и мир</title>
        <author>Лев Толстой</author>
        <year>1869</year>
    </book>
    <book>
        <title>Преступление и наказание</title>
        <author>Фёдор Достоевский</author>
        <year>1866</year>
    </book>
    <book>
        <title>Мастер и Маргарита</title>
        <author>Михаил Булгаков</author>
        <year>1967</year>
    </book>
    <book>
        <title>Евгений Онегин</title>
        <author>Александр Пушкин</author>
        <year>1833</year>
    </book>
    <book>
        <title>Отцы и дети</title>
        <author>Иван Тургенев</author>
        <year>1862</year>
    </book>
    <book>
        <title>Белая гвардия</title>
        <author>Михаил Булгаков</author>
        <year>1925</year>
    </book>
    <book>
        <title>Анна Каренина</title>
        <author>Лев Толстой</author>
        <year>1877</year>
    </book>
</library>
